keyword,search_intent,notes
kids online quiz,informational,Main target audience
safe kids exams,informational,Emphasizes safety for children
fun learning for children,informational,Highlights engaging content
anti cheating online exam,informational,Showcases anti-cheating system
secure online quiz,informational,Security and integrity
quiz platform for schools,commercial,Institutional use
quiz platform for tutors,commercial,Targeting educators
child mode online quiz,informational,Kids mode feature
parental control quiz,informational,Kids mode/parental control
interactive quizzes for kids,informational,Engagement and fun
online exam with anti-cheating,informational,Anti-cheating system
remote proctored quiz,informational,Advanced security
quiz for elementary students,informational,Targeting young learners
quiz for teachers to assign,commercial,Teacher/tutor use
family friendly quiz site,informational,Safe for all ages
quiz with leaderboard,informational,Gamification
quiz with rewards,informational,Gamification
quiz with real-time chat,informational,Social/interactive feature
multilingual quiz platform,informational,Supports multiple languages
mobile friendly quiz,informational,Responsive design
